,Sold by Details & special offers Item price Total price,"Vitabath
4.9/5
(392 store reviews)
Spend $65 for free delivery
$9.25
$19.20
Visit site
Walgreens.com
4.6/5
(509 store reviews)
$5.99 delivery
Free 30-day returns
$8.99
$15.88
Visit site
PC Fallon Co.
Trusted store
Â·
4.9/5
(1.6K)
Delivery by Wed, May 25
Spend $89 for free delivery
$8.99
$15.94
Visit site
Vitacost.com
4.6/5
(8.3K store reviews)
Spend $49 for free delivery
60-day returns
$8.99
$15.88
Visit site
Bealls Florida
4.4/5
(3.8K store reviews)
Delivery date & cost shown at checkout
LOW PRICE
$7.19$8.99

$7.62
+Shipping
Visit site
ihealthee
Free delivery
$12.79
$13.56
Visit site
Walmart - ROXON ENTERPRISES LLC
Free delivery
$20.52
$21.75
Visit site
myBitti.com
Free delivery by Tue, May 17
$13.99
$14.83
Visit site
eBay - 433433
Free delivery by Wed, May 18
$26.99
$28.61
Visit site
truegether.com/user/433433.html
Free delivery
$26.45
$26.45
Visit site
eCrater - xpertsedge
Free delivery
$16.99
$16.99
Visit site"
